run,benchmark,subject,revs,warmup,iterations,mode_us,mean_us,rstdev_percent,iteration_us
full-final-opcache_disabled,\Monorepo\Benchmark\AsynchronousStackBenchmark,bench_symfony_prod,10,1,5,11061.609197652,11296.1,3.3447854199701,11907.7;11555.6;11118.9;10960;10938.3
full-final-opcache_disabled,\Monorepo\Benchmark\AsynchronousStackBenchmark,bench_symfony_dev,10,1,5,11551.446575343,11379.86,2.1195279796818,11105.4;11487.4;11635.8;11594.7;11076
full-final-opcache_disabled,\Monorepo\Benchmark\AsynchronousStackBenchmark,bench_laravel_prod,10,1,5,14927.540704501,14857.54,2.9359001132945,15013.3;14722.8;15484.3;14925;14142.3
full-final-opcache_disabled,\Monorepo\Benchmark\AsynchronousStackBenchmark,bench_laravel_dev,10,1,5,17492.970058708,16548.44,8.4061058778115,15142.1;14634.7;17406.5;18145.7;17413.2
full-final-opcache_disabled,\Monorepo\Benchmark\AsynchronousStackBenchmark,bench_lite_prod,10,1,5,12587.086105675,12445.96,2.1839165383249,12648.5;12346.2;11961;12708.5;12565.6
full-final-opcache_disabled,\Monorepo\Benchmark\AsynchronousStackBenchmark,bench_lite_dev,10,1,5,22209.211154599,23697.4,10.501503709161,20827.1;21020.9;23724.8;26863.5;26050.7
full-final-opcache_disabled,\Monorepo\Benchmark\BootingEcotoneBenchmark,bench_symfony_prod,10,1,5,81.773581213307,93.3,22.587620246607,131.3;101.3;75.8;78.7;79.4
full-final-opcache_disabled,\Monorepo\Benchmark\BootingEcotoneBenchmark,bench_symfony_dev,10,1,5,95.116634050881,105.06,20.45529479375,91.7;84.8;99.3;103.4;146.1
full-final-opcache_disabled,\Monorepo\Benchmark\BootingEcotoneBenchmark,bench_laravel_prod,10,1,5,1744.9767123287,1695.8,6.8837190780822,1504.8;1633.4;1733.6;1764.3;1842.9
full-final-opcache_disabled,\Monorepo\Benchmark\BootingEcotoneBenchmark,bench_laravel_dev,10,1,5,3245.8068493151,3526.12,11.83352895722,3288.5;3190.6;3111.8;3874.4;4165.3
full-final-opcache_disabled,\Monorepo\Benchmark\BootingEcotoneBenchmark,bench_lite_prod,10,1,5,1148.0277886497,1312.98,17.618735778433,1551.5;1165.2;1069.9;1146.1;1632.2
full-final-opcache_disabled,\Monorepo\Benchmark\BootingEcotoneBenchmark,bench_lite_dev,10,1,5,11828.299217221,11238.82,22.148510507621,11545.8;14671.9;12769.9;9800;7406.5
full-final-opcache_disabled,\Monorepo\Benchmark\MessagingEntrypointBenchmark,bench_direct_entrypoint,1000,1,5,8.4613542074364,8.8442,8.5887212652548,10.232;8.152;8.502;8.28;9.055
full-final-opcache_disabled,\Monorepo\Benchmark\KernelBootBenchmark,bench_symfony_prod,10,1,5,64.013894324854,65.7,6.7329881526693,73.9;65.3;64.5;60.5;64.3
full-final-opcache_disabled,\Monorepo\Benchmark\KernelBootBenchmark,bench_symfony_dev,10,1,5,81.490410958904,87.82,10.02939502613,78.6;82.6;97.2;81;99.7
full-final-opcache_disabled,\Monorepo\Benchmark\KernelBootBenchmark,bench_laravel_prod,10,1,5,2363.6279843445,2258.9,8.7606393723349,2195;2363.7;2422;2415.1;1898.7
full-final-opcache_disabled,\Monorepo\Benchmark\KernelBootBenchmark,bench_laravel_dev,10,1,5,3627.0015655577,3443.98,8.4405260803139,2981.4;3230.3;3636.3;3619.7;3752.2
full-final-opcache_disabled,\Monorepo\Benchmark\KernelBootBenchmark,bench_lite_prod,10,1,5,1480.0596868885,1541.38,7.2253425621533,1443.1;1589.6;1738.2;1484.2;1451.8
full-final-opcache_disabled,\Monorepo\Benchmark\KernelBootBenchmark,bench_lite_dev,10,1,5,7918.8205479452,8330,8.8255166605191,9543.5;8767.5;8052.3;7547.8;7738.9
full-final-opcache_disabled,\Monorepo\Benchmark\HttpStackBenchmark,bench_symfony_prod,10,1,5,865.2647749511,757.76,19.907173022121,577.3;577.4;900;819.3;914.8
full-final-opcache_disabled,\Monorepo\Benchmark\HttpStackBenchmark,bench_symfony_dev,10,1,5,1348.6438356165,1298.88,9.5918115004784,1449.6;1381.2;1086.3;1325.5;1251.8
full-final-opcache_disabled,\Monorepo\Benchmark\HttpStackBenchmark,bench_laravel_prod,10,1,5,3243.3500978474,3242.72,16.669242162064,4035.4;3003;3192.6;3559.7;2422.9
full-final-opcache_disabled,\Monorepo\Benchmark\HttpStackBenchmark,bench_laravel_dev,10,1,5,4102.719960861,4361.1,14.017955019128,3591.7;3986.4;4175.7;4695.6;5356.1
full-final-opcache_disabled,\Monorepo\Benchmark\HttpStackBenchmark,bench_lite_prod,10,1,5,1452.801369863,1529.74,10.242589654784,1842.5;1463.5;1446.6;1460;1436.1
full-final-opcache_disabled,\Monorepo\Benchmark\HttpStackBenchmark,bench_lite_dev,10,1,5,13636.206849315,13127.88,8.8053297849269,11030.1;14310.2;13300.7;14036.3;12962.1
full-final-opcache_disabled,\Monorepo\Benchmark\HighThroughputPublishingBenchmark,bench_amqp_single_message_synchronous,1,0,2,60273.000000001,60273,8.8215287110315,65590;54956
full-final-opcache_disabled,\Monorepo\Benchmark\HighThroughputPublishingBenchmark,bench_amqp_single_message_asynchronous,1,0,2,52965,52965,2.647031058246,51563;54367
full-final-opcache_disabled,\Monorepo\Benchmark\HighThroughputPublishingBenchmark,bench_amqp_batch_message_synchronous,1,0,2,14977.322896282,14979.5,7.4268166494209,16092;13867
full-final-opcache_disabled,\Monorepo\Benchmark\HighThroughputPublishingBenchmark,bench_amqp_batch_message_asynchronous,1,0,2,15720.506849315,15721,1.6029514661917,15469;15973
full-final-opcache_disabled,\Monorepo\Benchmark\HighThroughputPublishingBenchmark,bench_amqp_multiple_batches_synchronous,1,0,2,17189.5,17189.5,2.24846563309,17576;16803
full-final-opcache_disabled,\Monorepo\Benchmark\HighThroughputPublishingBenchmark,bench_amqp_multiple_batches_asynchronous,1,0,2,16373,16373,9.4423746411775,14827;17919
full-final-opcache_disabled,\Monorepo\Benchmark\HighThroughputPublishingBenchmark,bench_kafka_single_message_synchronous,1,0,2,190386.5,190386.5,14.521775441011,218034;162739
full-final-opcache_disabled,\Monorepo\Benchmark\HighThroughputPublishingBenchmark,bench_kafka_single_message_asynchronous,1,0,2,58778,58778,17.811085780394,69247;48309
full-final-opcache_disabled,\Monorepo\Benchmark\HighThroughputPublishingBenchmark,bench_kafka_batch_message_synchronous,1,0,2,9614.953033268,9614.5,2.4078215195798,9846;9383
full-final-opcache_disabled,\Monorepo\Benchmark\HighThroughputPublishingBenchmark,bench_kafka_batch_message_asynchronous,1,0,2,11544.5,11544.5,14.036987309974,13165;9924
full-final-opcache_disabled,\Monorepo\Benchmark\HighThroughputPublishingBenchmark,bench_kafka_multiple_batches_synchronous,1,0,2,12047,12047,5.0053955341579,11444;12650
full-final-opcache_disabled,\Monorepo\Benchmark\HighThroughputPublishingBenchmark,bench_kafka_multiple_batches_asynchronous,1,0,2,11736.5,11736.5,14.940570016615,9983;13490
full-final-opcache_disabled,\Monorepo\Benchmark\HighThroughputPublishingBenchmark,bench_dbal_single_message_synchronous,1,0,2,425419.88845401,425397.5,2.6893670038023,436838;413957
full-final-opcache_disabled,\Monorepo\Benchmark\HighThroughputPublishingBenchmark,bench_dbal_batch_message_synchronous,1,0,2,35273.5,35273.5,13.578181921272,40063;30484
full-final-opcache_disabled,\Monorepo\Benchmark\HighThroughputPublishingBenchmark,bench_redis_single_message_synchronous,1,0,2,42549.5,42549.5,17.724062562427,35008;50091
full-final-opcache_disabled,\Monorepo\Benchmark\HighThroughputPublishingBenchmark,bench_redis_batch_message_synchronous,1,0,2,13782.958904109,13782.5,1.7014329766008,14017;13548
full-final-opcache_disabled,\Monorepo\Benchmark\HighThroughputPublishingBenchmark,bench_sqs_single_message_synchronous,1,0,2,1817981,1817981,10.957980308925,1618767;2017195
full-final-opcache_disabled,\Monorepo\Benchmark\HighThroughputPublishingBenchmark,bench_sqs_single_message_asynchronous,1,0,2,1159522,1159522,10.980904200179,1286848;1032196
full-final-opcache_disabled,\Monorepo\Benchmark\HighThroughputPublishingBenchmark,bench_sqs_batch_message_synchronous,1,0,2,176218,176218,12.203066656074,197722;154714
full-final-opcache_disabled,\Monorepo\Benchmark\HighThroughputPublishingBenchmark,bench_sqs_batch_message_asynchronous,1,0,2,181207,181207,5.3894165236442,171441;190973
full-final-opcache_disabled,\Monorepo\Benchmark\HighThroughputPublishingBenchmark,bench_sqs_multiple_batches_synchronous,1,0,2,204008.5,204008.5,12.747262981689,230014;178003
full-final-opcache_disabled,\Monorepo\Benchmark\HighThroughputPublishingBenchmark,bench_sqs_multiple_batches_asynchronous,1,0,2,169863.33659491,169887.5,7.2680450297991,182235;157540
full-final-opcache_disabled,\Monorepo\Benchmark\EventSourcingBenchmark,bench_symfony_prod,10,1,5,16194.317808219,17794.82,13.205177704747,21335.1;15510.4;15724.2;16584;19820.4
full-final-opcache_disabled,\Monorepo\Benchmark\EventSourcingBenchmark,bench_symfony_dev,10,1,5,15517.257142857,16357.68,14.671642935266,17237.5;14167.4;13600.6;16474;20308.9
full-final-opcache_disabled,\Monorepo\Benchmark\EventSourcingBenchmark,bench_laravel_prod,10,1,5,20460.598630136,20073.02,5.7682384556651,20683.5;21514.7;19963.5;18017;20186.4
full-final-opcache_disabled,\Monorepo\Benchmark\EventSourcingBenchmark,bench_laravel_dev,10,1,5,19374.164383562,20863.52,11.334311394969,18150.8;20830.7;18315.7;23732.4;23288
full-final-opcache_disabled,\Monorepo\Benchmark\EventSourcingBenchmark,bench_lite_prod,10,1,5,16982.56223092,19415.26,24.538061846688,15461.8;15707.3;17081.1;28201.3;20624.8
full-final-opcache_disabled,\Monorepo\Benchmark\EventSourcingBenchmark,bench_lite_dev,10,1,5,25182.599412916,27253.24,18.156745692403,23902.9;36323.3;27468.2;21910.9;26660.9
full-final-opcache_disabled,\Monorepo\Benchmark\OutboxRelayBenchmark,bench_dbal_outbox_drain_message_by_message,1,0,2,2873252.6066536,2873116.5,2.420733722423,2803566;2942667
full-final-opcache_disabled,\Monorepo\Benchmark\OutboxRelayBenchmark,bench_dbal_outbox_drain_batched,1,0,2,136987.42857143,136992,1.705209063303,134656;139328
full-final-opcache_disabled,\Monorepo\Benchmark\OutboxRelayBenchmark,bench_dbal_outbox_drain_as_single_batch,1,0,2,116391.54011742,116389.5,0.8956993543232,115347;117432
full-final-opcache_disabled,\Monorepo\Benchmark\OutboxRelayBenchmark,bench_dbal_outbox_drain_batched_into_high_throughput_dbal_target,1,0,2,140718,140718,3.975326539604,146312;135124
full-final-opcache_disabled,\Monorepo\Benchmark\OutboxRelayBenchmark,bench_dbal_outbox_drain_batched_into_rabbitmq_target,1,0,2,145135.19569471,145134,0.42099025727948,144523;145745
full-final-opcache_disabled,\Monorepo\Benchmark\OutboxRelayBenchmark,bench_dbal_outbox_drain_batched_into_kafka_target,1,0,2,133548.5,133548.5,3.5069656342078,138232;128865
full-final-opcache_disabled,\Monorepo\Benchmark\OutboxRelayBenchmark,bench_dbal_outbox_drain_batched_into_redis_target,1,0,2,132814.10958904,132821.5,2.8432896782524,136598;129045
full-final-opcache_disabled,\Monorepo\Benchmark\OutboxRelayBenchmark,bench_dbal_outbox_drain_batched_into_sqs_target,1,0,2,328209.962818,328199,1.70689124586,333801;322597
full-final-opcache_disabled,\Monorepo\Benchmark\DbConnectBenchmark,bench_db_connect,1,0,1,9825,9825,0,9825
full-final-opcache_disabled,\Monorepo\Benchmark\ProjectingBenchmark,bench_ecotone_projection,10,0,5,9120.6410958905,8577.28,11.109690410035,6987.6;8015.5;9028.1;9272.4;9582.8
full-final-opcache_disabled,\Monorepo\Benchmark\ProjectingBenchmark,bench_ecotone_projection_with_deletion,10,0,5,32045.582191781,31818.6,4.7705888450565,31228.8;34010.6;32022.8;32447.5;29383.3
full-final-opcache_disabled,\Monorepo\Benchmark\ProjectingBenchmark,bench_ecotone_projection_backfill,10,0,1,41605.7,41605.7,0,41605.7
full-final-opcache_enabled,\Monorepo\Benchmark\AsynchronousStackBenchmark,bench_symfony_prod,10,1,5,10955.846575342,11143.06,2.5578979299291,10891.8;10997.7;11365.1;11589.1;10871.6
full-final-opcache_enabled,\Monorepo\Benchmark\AsynchronousStackBenchmark,bench_symfony_dev,10,1,5,11147.995694716,11272.24,3.387755918725,10893.1;11304.7;11882.5;11438.1;10842.8
full-final-opcache_enabled,\Monorepo\Benchmark\AsynchronousStackBenchmark,bench_laravel_prod,10,1,5,14194.27592955,13755.1,4.6490554407375,12863.5;14007.3;14434;13133.5;14337.2
full-final-opcache_enabled,\Monorepo\Benchmark\AsynchronousStackBenchmark,bench_laravel_dev,10,1,5,14509.366536204,15115.54,6.0375772572512,16547.7;14479.8;14212.3;15835.1;14502.8
full-final-opcache_enabled,\Monorepo\Benchmark\AsynchronousStackBenchmark,bench_lite_prod,10,1,5,12256.994911938,12124.04,2.4103657852487,12006.1;12429.4;12393.9;11628.5;12162.3
full-final-opcache_enabled,\Monorepo\Benchmark\AsynchronousStackBenchmark,bench_lite_dev,10,1,5,21213.032289628,21989.78,7.6833543420225,21662.3;20593.1;20138.5;24872;22683
full-final-opcache_enabled,\Monorepo\Benchmark\BootingEcotoneBenchmark,bench_symfony_prod,10,1,5,59.363600782779,62.42,9.0259026049619,58.1;56.3;65.6;60.3;71.8
full-final-opcache_enabled,\Monorepo\Benchmark\BootingEcotoneBenchmark,bench_symfony_dev,10,1,5,84.083757338554,81.84,5.423128003679,74.6;83;86.9;79.3;85.4
full-final-opcache_enabled,\Monorepo\Benchmark\BootingEcotoneBenchmark,bench_laravel_prod,10,1,5,998.59001956947,1099.92,19.575265535859,969.3;1065.8;1516.5;1038.5;909.5
full-final-opcache_enabled,\Monorepo\Benchmark\BootingEcotoneBenchmark,bench_laravel_dev,10,1,5,2255.1385518591,2554.68,23.020489314605,2293.8;3445.8;2998.4;2234;1801.4
full-final-opcache_enabled,\Monorepo\Benchmark\BootingEcotoneBenchmark,bench_lite_prod,10,1,5,1007.3129158513,938.84,10.795417385471,984.5;849.6;788.7;1037.5;1033.9
full-final-opcache_enabled,\Monorepo\Benchmark\BootingEcotoneBenchmark,bench_lite_dev,10,1,5,7958.0504892368,9329.26,26.891504856737,13587.8;8418.1;7148.2;6866.3;10625.9
full-final-opcache_enabled,\Monorepo\Benchmark\MessagingEntrypointBenchmark,bench_direct_entrypoint,1000,1,5,12.197653620353,10.8836,23.787270761235,13.393;14.006;10.957;7.261;8.801
full-final-opcache_enabled,\Monorepo\Benchmark\KernelBootBenchmark,bench_symfony_prod,10,1,5,45.808219178082,47.76,7.3092597615472,44.9;45.6;49.2;45.1;54
full-final-opcache_enabled,\Monorepo\Benchmark\KernelBootBenchmark,bench_symfony_dev,10,1,5,59.862035225049,64.8,10.318063263408,60.5;72.9;73;58.5;59.1
full-final-opcache_enabled,\Monorepo\Benchmark\KernelBootBenchmark,bench_laravel_prod,10,1,5,1131.7369863014,1103.56,5.9115575283068,1104.2;1168.8;1063.2;1004;1177.6
full-final-opcache_enabled,\Monorepo\Benchmark\KernelBootBenchmark,bench_laravel_dev,10,1,5,2425.193737769,2354.44,6.1476782170445,2419.6;2449.4;2494.3;2320.5;2088.4
full-final-opcache_enabled,\Monorepo\Benchmark\KernelBootBenchmark,bench_lite_prod,10,1,5,1100.9236790607,1052.2,13.467462125095,946;1239.1;1061.5;1165.4;849
full-final-opcache_enabled,\Monorepo\Benchmark\KernelBootBenchmark,bench_lite_dev,10,1,5,9124.7841487279,9339.04,10.203416544754,8029.7;9276.3;9442.7;8971.6;10974.9
full-final-opcache_enabled,\Monorepo\Benchmark\HttpStackBenchmark,bench_symfony_prod,10,1,5,531.59432485323,571.2,15.429604014764,731.7;502.7;482.3;554.2;585.1
full-final-opcache_enabled,\Monorepo\Benchmark\HttpStackBenchmark,bench_symfony_dev,10,1,5,1035.6358121331,939.12,17.303558682959,1020.2;1027.5;1150.1;768.5;729.3
full-final-opcache_enabled,\Monorepo\Benchmark\HttpStackBenchmark,bench_laravel_prod,10,1,5,2163.8023483366,2412.14,24.652204185089,1806.9;1739;2418.1;3312;2784.7
full-final-opcache_enabled,\Monorepo\Benchmark\HttpStackBenchmark,bench_laravel_dev,10,1,5,2864.3217221135,3366.56,23.452655233276,2595.9;3087.8;4572.4;3988;2588.7
full-final-opcache_enabled,\Monorepo\Benchmark\HttpStackBenchmark,bench_lite_prod,10,1,5,1270.6990215264,1294.28,10.585339554831,1341.2;1115.2;1315.5;1187;1512.5
full-final-opcache_enabled,\Monorepo\Benchmark\HttpStackBenchmark,bench_lite_dev,10,1,5,10425.37221135,11196.66,14.961824612197,12072.6;13963.2;10020.9;9193.2;10733.4
full-final-opcache_enabled,\Monorepo\Benchmark\HighThroughputPublishingBenchmark,bench_amqp_single_message_synchronous,1,0,2,62850.569471625,62853,1.9760393298649,64095;61611
full-final-opcache_enabled,\Monorepo\Benchmark\HighThroughputPublishingBenchmark,bench_amqp_single_message_asynchronous,1,0,2,56501,56501,2.6849082317127,54984;58018
full-final-opcache_enabled,\Monorepo\Benchmark\HighThroughputPublishingBenchmark,bench_amqp_batch_message_synchronous,1,0,2,15903.5,15903.5,11.038450655516,14148;17659
full-final-opcache_enabled,\Monorepo\Benchmark\HighThroughputPublishingBenchmark,bench_amqp_batch_message_asynchronous,1,0,2,21394.5,21394.5,15.328705975835,18115;24674
full-final-opcache_enabled,\Monorepo\Benchmark\HighThroughputPublishingBenchmark,bench_amqp_multiple_batches_synchronous,1,0,2,18701.17221135,18699,5.9361463179849,19809;17589
full-final-opcache_enabled,\Monorepo\Benchmark\HighThroughputPublishingBenchmark,bench_amqp_multiple_batches_asynchronous,1,0,2,13946.397260274,13945.5,3.287798931555,13487;14404
full-final-opcache_enabled,\Monorepo\Benchmark\HighThroughputPublishingBenchmark,bench_kafka_single_message_synchronous,1,0,2,136171.12915851,136150,7.9302240176276,125353;146947
full-final-opcache_enabled,\Monorepo\Benchmark\HighThroughputPublishingBenchmark,bench_kafka_single_message_asynchronous,1,0,2,60225.5,60225.5,14.469784393654,68940;51511
full-final-opcache_enabled,\Monorepo\Benchmark\HighThroughputPublishingBenchmark,bench_kafka_batch_message_synchronous,1,0,2,10678.964774951,10677.5,7.0100678997893,11426;9929
full-final-opcache_enabled,\Monorepo\Benchmark\HighThroughputPublishingBenchmark,bench_kafka_batch_message_asynchronous,1,0,2,11910.524461839,11910.5,0.10494941438227,11923;11898
full-final-opcache_enabled,\Monorepo\Benchmark\HighThroughputPublishingBenchmark,bench_kafka_multiple_batches_synchronous,1,0,2,11804.59295499,11802.5,9.0616394831603,12872;10733
full-final-opcache_enabled,\Monorepo\Benchmark\HighThroughputPublishingBenchmark,bench_kafka_multiple_batches_asynchronous,1,0,2,13701.5,13701.5,8.6085465095063,12522;14881
full-final-opcache_enabled,\Monorepo\Benchmark\HighThroughputPublishingBenchmark,bench_dbal_single_message_synchronous,1,0,2,431778.5,431778.5,3.7196154972978,447839;415718
full-final-opcache_enabled,\Monorepo\Benchmark\HighThroughputPublishingBenchmark,bench_dbal_batch_message_synchronous,1,0,2,29380,29380,10.190605854323,26386;32374
full-final-opcache_enabled,\Monorepo\Benchmark\HighThroughputPublishingBenchmark,bench_redis_single_message_synchronous,1,0,2,41048,41048,25.504287663224,51517;30579
full-final-opcache_enabled,\Monorepo\Benchmark\HighThroughputPublishingBenchmark,bench_redis_batch_message_synchronous,1,0,2,9268.953033268,9268.5,2.4977072881264,9500;9037
full-final-opcache_enabled,\Monorepo\Benchmark\HighThroughputPublishingBenchmark,bench_sqs_single_message_synchronous,1,0,2,1643806.7201566,1643771,1.1104344826621,1625518;1662024
full-final-opcache_enabled,\Monorepo\Benchmark\HighThroughputPublishingBenchmark,bench_sqs_single_message_asynchronous,1,0,2,1266413.3483366,1266782,14.870830182304,1078401;1455163
full-final-opcache_enabled,\Monorepo\Benchmark\HighThroughputPublishingBenchmark,bench_sqs_batch_message_synchronous,1,0,2,172779.49119373,172773,1.9198601633357,169456;176090
full-final-opcache_enabled,\Monorepo\Benchmark\HighThroughputPublishingBenchmark,bench_sqs_batch_message_asynchronous,1,0,2,181722.21722114,181724.5,0.64190574193353,182891;180558
full-final-opcache_enabled,\Monorepo\Benchmark\HighThroughputPublishingBenchmark,bench_sqs_multiple_batches_synchronous,1,0,2,181239.36986302,181249,2.7150494623419,176328;186170
full-final-opcache_enabled,\Monorepo\Benchmark\HighThroughputPublishingBenchmark,bench_sqs_multiple_batches_asynchronous,1,0,2,173261.35616439,173328,19.647719929844,207383;139273
full-final-opcache_enabled,\Monorepo\Benchmark\EventSourcingBenchmark,bench_symfony_prod,10,1,5,16713.054011742,16351.86,10.603044596657,15437.5;18042.5;16155;13703.2;18421.1
full-final-opcache_enabled,\Monorepo\Benchmark\EventSourcingBenchmark,bench_symfony_dev,10,1,5,14345.811154599,16020.72,17.104654292731,20445.5;14717.1;13196.8;17903;13841.2
full-final-opcache_enabled,\Monorepo\Benchmark\EventSourcingBenchmark,bench_laravel_prod,10,1,5,18918.960861057,19158.08,2.6011366142069,20021.6;19365.1;18815.6;18982.2;18605.9
full-final-opcache_enabled,\Monorepo\Benchmark\EventSourcingBenchmark,bench_laravel_dev,10,1,5,19044.743835617,18215.6,8.7816574602929,17753.1;19481.2;19572.6;18980;15291.1
full-final-opcache_enabled,\Monorepo\Benchmark\EventSourcingBenchmark,bench_lite_prod,10,1,5,17444.051663405,19523.12,19.757512665018,22995.8;16991.7;14489.4;18236.7;24902
full-final-opcache_enabled,\Monorepo\Benchmark\EventSourcingBenchmark,bench_lite_dev,10,1,5,23057.216634051,24483.28,13.632741113198,23134.9;30609.2;22909.9;20789.7;24972.7
full-final-opcache_enabled,\Monorepo\Benchmark\OutboxRelayBenchmark,bench_dbal_outbox_drain_message_by_message,1,0,2,3100569.6379647,3100518,0.85105134045343,3074131;3126905
full-final-opcache_enabled,\Monorepo\Benchmark\OutboxRelayBenchmark,bench_dbal_outbox_drain_batched,1,0,2,135482.45596869,135465.5,6.3960934702932,144130;126801
full-final-opcache_enabled,\Monorepo\Benchmark\OutboxRelayBenchmark,bench_dbal_outbox_drain_as_single_batch,1,0,2,117886.02544031,117884,0.87798174476604,116849;118919
full-final-opcache_enabled,\Monorepo\Benchmark\OutboxRelayBenchmark,bench_dbal_outbox_drain_batched_into_high_throughput_dbal_target,1,0,2,151828.18982387,151828,0.063888083884395,151731;151925
full-final-opcache_enabled,\Monorepo\Benchmark\OutboxRelayBenchmark,bench_dbal_outbox_drain_batched_into_rabbitmq_target,1,0,2,154735.20547945,154717.5,5.8477547788712,145670;163765
full-final-opcache_enabled,\Monorepo\Benchmark\OutboxRelayBenchmark,bench_dbal_outbox_drain_batched_into_kafka_target,1,0,2,139922.26027397,139930,2.8264132066033,143885;135975
full-final-opcache_enabled,\Monorepo\Benchmark\OutboxRelayBenchmark,bench_dbal_outbox_drain_batched_into_redis_target,1,0,2,136595.46183953,136605,3.5679513927016,141479;131731
full-final-opcache_enabled,\Monorepo\Benchmark\OutboxRelayBenchmark,bench_dbal_outbox_drain_batched_into_sqs_target,1,0,2,323592.88454011,323578,2.3505924382993,331184;315972
full-final-opcache_enabled,\Monorepo\Benchmark\DbConnectBenchmark,bench_db_connect,1,0,1,17627,17627,0,17627
full-final-opcache_enabled,\Monorepo\Benchmark\ProjectingBenchmark,bench_ecotone_projection,10,0,5,11754.622700587,13186.94,16.457220268045,11778.9;11382.1;14795.8;11302.5;16675.4
full-final-opcache_enabled,\Monorepo\Benchmark\ProjectingBenchmark,bench_ecotone_projection_with_deletion,10,0,5,67537.978669275,61574.6,14.944184388529,66376.7;50135.9;72995.7;67169.1;51195.6
full-final-opcache_enabled,\Monorepo\Benchmark\ProjectingBenchmark,bench_ecotone_projection_backfill,10,0,1,62276.6,62276.6,0,62276.6
